snapshot_date,metric,timestamp,count,uniques
2026-10-09,views,2026-09-24T00:00:00Z,2,2
2026-10-09,views,2026-09-25T00:00:00Z,0,0
2026-10-09,views,2026-09-26T00:00:00Z,0,0
2026-10-09,views,2026-09-27T00:00:00Z,0,0
2026-10-09,views,2026-09-28T00:00:00Z,2,1
2026-10-09,views,2026-09-29T00:00:00Z,18,14
2026-10-09,views,2026-09-30T00:00:00Z,12,7
2026-10-09,views,2026-10-01T00:00:00Z,4,3
2026-10-09,views,2026-10-02T00:00:00Z,8,4
2026-10-09,views,2026-10-03T00:00:00Z,0,0
2026-10-09,views,2026-10-04T00:00:00Z,0,0
2026-10-09,views,2026-10-05T00:00:00Z,7,4
2026-10-09,views,2026-10-06T00:00:00Z,8,5
2026-10-09,views,2026-10-07T00:00:00Z,5,3
2026-10-09,clones,2026-09-24T00:00:00Z,3,3
2026-10-09,clones,2026-09-25T00:00:00Z,5,5
2026-10-09,clones,2026-09-26T00:00:00Z,20,14
2026-10-09,clones,2026-09-27T00:00:00Z,14,10
2026-10-09,clones,2026-09-28T00:00:00Z,6,6
2026-10-09,clones,2026-09-29T00:00:00Z,14,10
2026-10-09,clones,2026-09-30T00:00:00Z,5,5
2026-10-09,clones,2026-10-01T00:00:00Z,14,10
2026-10-09,clones,2026-10-02T00:00:00Z,4,4
2026-10-09,clones,2026-10-03T00:00:00Z,5,5
2026-10-09,clones,2026-10-04T00:00:00Z,19,14
2026-10-09,clones,2026-10-05T00:00:00Z,18,13
2026-10-09,clones,2026-10-06T00:00:00Z,20,14
2026-10-09,clones,2026-10-07T00:00:00Z,6,6
